{
  "id": "journal-backlinks-extended",
  "title": "Extended Journal-Links",
  "description": "Include links to entities that reference the viewed journal, actor and item",
  "authors": [
    {
      "name": "jtracey",
      "flags": {}
    },{
      "name": "muwak",
      "flags": {}
    }
  ],
  "url": "https://github.com/Muwak77/journal-backlinks-extended/",
  "version": "0.12.5",
  "compatibility": {
    "minimum": "10",
    "verified": "12"
  },
  "esmodules": [
    "scripts/index.js"
  ],
  "styles": [
    "css/journallink.css"
  ],
  "languages": [
    {
      "lang": "en",
      "name": "English",
      "path": "lang/en.json",
      "flags": {}
    }
  ],
  "manifest": "https://github.com/Muwak77/journal-backlinks-extended/releases/download/current/module.json",
  "download": "https://github.com/Muwak77/journal-backlinks-extended/releases/download/current/journal-backlinks-extended.zip"
}
